key,name,bucket,dedication
abbeyleix,Abbeyleix GAA,club,
abbeyside ballinacourty,Abbeyside - Ballinacourty GAA Club,club,
adamstown,Adamstown GAA Club,club,
adare,Adare GAA Club,club,
adrigole,Adrigole GAA Club,club,
aghabog emmetts,Aghabog Emmetts GAA,club,
aghaderg ballyvarley,Aghaderg Ballyvarley GAC,club,
aghadrumsee,Aghadrumsee GAA,club,
aghyaran st davog s,Aghyaran St. Davog's GAA,club,
aherlow,Aherlow GAA Club,club,
allenwood,Allenwood GFC,club,
alsaa,ALSAA,club,
an lub,An Lúb GAA Club,club,
an phairc,An Pháirc,club,
annaduff,Annaduff GAA,club,
annaghdown,Annaghdown GAA,club,
annough,Annough GAA,club,
aodh ruadh,Aodh Ruadh GAA,club,
ardagh pitch,Ardagh Pitch,club,
ardclough,Ardclough GAA,club,
ardfinnan,Ardfinnan GAA Club,club,
ardrahan,Ardrahan GAA,club,
argideen rangers,Argideen Rangers GAA Club,club,
arklow geraldines,Arklow Geraldines GAA,club,
arklow geraldines ballymoney,Arklow Geraldines Ballymoney GAA Club,club,
arklow rock parnells,Arklow Rock Parnells,club,
arles killeen,Arles Killeen GAA Club,club,
armagh gaa athletic grounds,Armagh GAA Athletic Grounds,club,
arravale rovers gaa sean tracey park,Arravale Rovers GAA (Seán Tracey Park),club,
ashford,Ashford GAA Club,club,
athea,Athea GAA,club,
athlacca,Athlacca Gaa,club,
athy,Athy GAA,club,
attical,Attical GAC,club,
aughawillan,Aughawillan GAA,club,
aughnamullen,Aughnamullen GAA,club,
austin stacks,Austin Stacks GAA Club,club,
avondale,Avondale GAA,club,
badoney ladies lgfa,Badoney Ladies LGFA,club,
bagenalstown gaels,Bagenalstown Gaels GAA,club,
balinderry gaa pitch,Balinderry GAA Pitch,club,
balla,Balla GAA Club,club,
ballacolla,Ballacolla GAA,club,
ballast pit,Ballast pit,club,
ballela,Ballela GAC,club,
ballina,Ballina GAA,club,
ballina stephenites,Ballina Stephenites GAA Club,club,
ballinabrakey,Ballinabrakey GAA,club,
ballinabrannagh,Ballinabrannagh GAA,club,
ballinacurra,Ballinacurra GAA Club,club,
ballinagar,Ballinagar GAA,club,
ballinagh,Ballinagh GAA,club,
ballinagh gaa grounds,Ballinagh GAA Grounds,club,
ballinakill,Ballinakill GAA,club,
ballinamere,Ballinamere GAA,club,
ballinascarthy hurling football,Ballinascarthy Hurling & Football Club,club,
ballinasloe,Ballinasloe GAA,club,
ballincollig,Ballincollig GAA,club,
ballingarry,Ballingarry GAA,club,
ballinhassig,Ballinhassig G.A.A. Club,club,
ballinhassig gaa ballinaboy pitches,Ballinhassig GAA Ballinaboy Pitches,club,
ballinkillen,Ballinkillen GAA,club,
ballinlough gaa pitch,Ballinlough GAA Pitch,club,
ballinora gaa grounds football,Ballinora GAA Grounds (Football),club,
ballinore gaa grounds,Ballinore GAA Grounds (Hurling),club,
ballinrobe gaa flanagan park,Ballinrobe GAA- Flanagan Park,club,
ballinteer st johns broadford pitch,Ballinteer St Johns Broadford Pitch,club,
ballinure,Ballinure GAA Club,club,
ballon,Ballon GAA,club,
ballybacon grange,Ballybacon - Grange GAA,club,
ballyboughal rangers,Ballyboughal Rangers GAA,club,
ballybricken bohermore,Ballybricken-Bohermore GAA,club,
ballycommon,Ballycommon GAA,club,
ballycumber,Ballycumber GAA,club,
ballydesmond,Ballydesmond GAA Club,club,
ballyduff lower,Ballyduff Lower GAA,club,
ballyduff upper,Ballyduff Upper GAA Club,club,
ballyea,Ballyea GAA,club,
ballyfin,Ballyfin GAA,club,
ballygalget,Ballygalget GAC,club,
ballygarrett gaa pitch,Ballygarrett GAA Pitch,club,
ballygarvan gaa liam maccarthy park,Ballygarvan GAA (Liam MacCarthy Park),club,
ballygiblin,Ballygiblin GAA,club,
ballygunner,Ballygunner GAA Club,club,
ballyhaise,Ballyhaise GFC,club,
ballyhea,Ballyhea GAA,club,
ballyhegan davitt s,Ballyhegan Davitt's GAA,club,
ballyholland,Ballyholland GAC,club,
ballykelly,Ballykelly GFC,club,
ballylanders,Ballylanders GAA,club,
ballylynan,Ballylynan GAA,club,
ballymacelligot,Ballymacelligot GAA,club,
ballymachugh,Ballymachugh GAA,club,
ballymacnab round towers,Ballymacnab Round Towers GAA,club,
ballymaguigan st treas,Ballymaguigan St Treas GFC,club,
ballymanus,Ballymanus GAA,club,
ballymartle,Ballymartle GAA,club,
ballymore,Ballymore GFC,club,
ballymore eustace,Ballymore Eustace GAA,club,
ballymote,Ballymote CLG,club,
ballynacargy,Ballynacargy GAA,club,
ballyphehane,Ballyphehane GAA Club,club,
ballypickas,Ballypickas GAA,club,
ballyporeen skeheenarinky,Ballyporeen/Skeheenarinky GAA,club,
ballyroan,Ballyroan GAA,club,
ballysaggart,Ballysaggart GAA,club,
ballyskenach killavilla,Ballyskenach-Killavilla GAA Club,club,
ballysteen,Ballysteen GAA,club,
ballyteague,Ballyteague GAA,club,
bandon,Bandon GAA,club,
banner,Banner GAA,club,
bantry blues,Bantry Blues GAA,club,
barndarrig,Barndarrig GAA,club,
barrowhouse,Barrowhouse GAA,club,
barryroe,Barryroe GAA,club,
batterstown gaa pitch,Batterstown GAA Pitch,club,
belclare,Belclare GAA,club,
belcoo,Belcoo GAA,club,
belgooly,Belgooly G.A.A. Club,club,
belmont,Belmont GAA,club,
belmullet,Belmullet GAA Club,club,
belnaleck,Belnaleck GAA,club,
belturbet rory o moores,Belturbet Rory O'Moores GFC,club,
bennetsbridge,Bennetsbridge G.A.A. Club,club,
bishopstown,Bishopstown GAA Club,club,
blackhall gaels gaa club batterstown,Blackhall Gaels GAA Club Batterstown,club,
blackhall gaels gaa club kilcloon,Blackhall Gaels GAA Club Kilcloon,club,
blackrock,Blackrock Hurling Club,club,
blarney,Blarney GAA Club,club,
blessington,Blessington GAA,club,
boardsmill,Boardsmill GAA,club,
bodyke,Bodyke GAA Club,club,
boherbue,Boherbue GAA,club,
boherlahan dualla gaa sports centre,Boherlahan - Dualla GAA Sports Centre,club,
bonniconlon,Bonniconlon GAA,club,
borris in ossory,Borris-in-Ossory GAA,club,
bottom pitch,Bottom Pitch,club,
bray emmets,Bray Emmets GAA Club,club,
breaffy,Breaffy GAA,club,
brian dillons,Brian Dillons GAA Club,club,
bride rovers,Bride Rovers GAA,club,
brideview,Brideview GAA,club,
bright,Bright GAC,club,
broadford,Broadford GAA,club,
brookeborough,Brookeborough GAA,club,
bryansford,Bryansford GAC,club,
bunmahon,Bunmahon GAA Club,club,
bunnanaddan,Bunnanaddan GAA Club,club,
burgess,Burgess GAA,club,
burren,Burren GAA,club,
burrishoole,Burrishoole GAA Club,club,
butlersbridge,Butlersbridge GAA,club,
butlerstown,Butlerstown GAA Club,club,
buttevant,Buttevant GAA,club,
caherline,Caherline GAA,club,
caherlistrane,Caherlistrane GAA,club,
caherslee,Caherslee GAA Club,club,
cahir,Cahir GAA Club,club,
caislean na deirge naomh eoghan clg castlederg gaelic football,Caisleán na Deirge Naomh Eoghan CLG (Castlederg Gaelic Football Club),club,
caltra,Caltra GAA,club,
camogue rovers,Camogue Rovers,club,
camross,Camross GAA,club,
canovee,Canovee GAA Club,club,
cappagh gaa pitch,Cappagh GAA pitch,club,
cappamore,Cappamore GAA,club,
cappincur,Cappincur GAA,club,
cappoquin affane,Cappoquin Affane GAA Club,club,
carbery rangers,Carbery Rangers GAA,club,
cardinal o donnell s gaelic athletics,Cardinal O'Donnell's Gaelic Athletics Club,club,
carlow gaa centre of excellence,Carlow GAA Centre of Excellence,club,
carlow town,Carlow Town Hurling Club,club,
carnew emmets badminton and,Carnew Emmets Badminton and GAA,club,
carnmore gaa ground,Carnmore GAA Ground,club,
carraig na bhfear,Carraig na bhFear GAA Club,club,
carrick davins,Carrick Davins GAA Club,club,
carrick swan,Carrick Swan GAA Club,club,
carrickcruppen,Carrickcruppen GAC,club,
carrig riverstown,Carrig & Riverstown GAA Club,club,
carrigaline,Carrigaline GAA,club,
carrigeen,Carrigeen GAA,club,
carrigtwohill,Carrigtwohill GAA,club,
carryduff,Carryduff GAC,club,
cashel king cormacs,Cashel King Cormacs GAA Club,club,
castledaly,Castledaly G.A.A. Club,club,
castledawson,Castledawson GAC,club,
castledermot,Castledermot GAA,club,
castlehaven,Castlehaven GAA,club,
castlehaven gaa main pitch,Castlehaven GAA Main Pitch,club,
castleisland desmonds,Castleisland Desmonds GAA Club,club,
castlelyons,Castlelyons GAA,club,
castlemartyr,Castlemartyr GAA,club,
castlemitchell,Castlemitchell GAA club,club,
castletown,Castletown GAA,club,
castletownbere,Castletownbere GAA Club,club,
castlewellan,Castlewellan GAC,club,
cavan gaels,Cavan Gaels GAA,club,
celbridge,Celbridge GAA,club,
chapel farm pitch,Chapel Farm Pitch,club,
christian brothers college sports complex,Christian Brothers College Sports Complex,club,
churchill gaa pitch,Churchill GAA Pitch,club,
cill chartha gaa pitch,Cill Chartha GAA Pitch,club,
cj kickhams mullinahone,CJ Kickhams Mullinahone GAA Club,club,
clan na gael,Clan na Gael G.F.C.,club,
clann mhuire,Clann Mhuire CLG,club,
clann na gael,Clann Na Gael GAA,club,
clann na ngael,Clann na nGael CLG,club,
clann na ngael gaa johnstown,Clann na nGael GAA (Johnstown),club,
clanna gael fontenoy,Clanna Gael Fontenoy GAA Club,club,
clara gaa club kilkenny,"Clara GAA Club, Kilkenny",club,
clare gaa centre of excellence,Clare GAA Centre of Excellence,club,
clareen,Clareen GAA,club,
claregalway,Claregalway GAA,club,
claregalway,Claregalway GAA,club,
claremorris,Claremorris GAA,club,
clg an spideal,CLG An Spidéal,club,
clg an tsean phobail,CLG An tSean Phobail,club,
clg beal atha n ghraorthaidh,CLG Béal Átha'n Ghraorthaidh,club,
clg beart,CLG Beart,club,
clg bun an phobail,CLG Bun an Phobail,club,
clg cill na martra,CLG Cill Na Martra,club,
clg croabh chiarain,CLG Croabh Chiaráin,club,
clg cuchulainn,CLG Cuchulainn,club,
clg cuchulainn gaa glub,CLG Cuchulainn GAA Glub,club,
clg eimeid sleacht neill,CLG Eiméid Sleacht Néill,club,
clg ghaoth dobhair,C.L.G. Ghaoth Dobhair,club,
clg naomh aban,CLG Naomh Ában,club,
clg naomh padraig uisce chaoin,CLG Naomh Padraig Uisce Chaoin,club,
clg sean maccumhaill,CLG Seán MacCumhaill,club,
clifden,Clifden GAA,club,
cloghan,Cloghan GAA,club,
clogherinkoe broadford,Clogherinkoe & Broadford GAA Club,club,
clonad,Clonad GAA,club,
clonakenny,Clonakenny GAA Club,club,
clonakilty,Clonakilty GAA Club,club,
clonard,Clonard GAA Club,club,
clonaslee st manman s,Clonaslee St Manman's GAA,club,
clonbulloge,Clonbulloge GAA,club,
clondegad gaa pitch,Clondegad GAA Pitch,club,
clondrohid,Clondrohid GAA,club,
clonea,Clonea G.A.A.,club,
clonee gaa pitch,Clonee GAA Pitch,club,
clonee gaa pitch,Clonee GAA Pitch,club,
clongeen,Clongeen GAA Club,club,
clonguish,Clonguish GAA,club,
clonmel og,Clonmel Óg GAA,club,
clonmel st mary s,Clonmel St. Mary's GAA,club,
clonmore,Clonmore GFC,club,
clonoulty rossmore,Clonoulty Rossmore GAA,club,
clontarf,Clontarf GAA,club,
clontibret o neills,Clontibret O'Neills GAA,club,
clooney quin,Clooney-Quin GAA,club,
cloughbawn,Cloughbawn GAA,club,
cloughduv,Cloughduv GAA,club,
cloyne,Cloyne GAA,club,
cloyne gaa second pitch,Cloyne GAA second pitch,club,
club clg piarsaigh na dromoda,Club CLG Piarsaigh na Dromoda,club,
club house changing rooms,Club House / Changing Rooms,club,
coa,Coa GAA,club,
coalisland fianna,Coalisland Fianna G.F.C.,club,
cobh,Cobh GAA,club,
coiste chontae chiarrai,Coiste Chontae Chiarraí CLG,club,
colligan,Colligan GAA,club,
colmcille gfc mcgee park,Colmcille GFC (McGee Park),club,
colt,Colt GAA,club,
community pitch,Community Pitch,club,
conahy shamrocks,Conahy Shamrocks GAA Club,club,
conduff,Conduff GAC,club,
connacht gaa centre of excellence,Connacht GAA Centre Of Excellence,club,
coolderry,Coolderry GAA,club,
coolkenno,Coolkenno GAA,club,
cootehill celtic,Cootehill Celtic GAA,club,
coralstown kinnegad,Coralstown / Kinnegad GAA Club,club,
cordal gaa grounds,Cordal GAA Grounds,club,
corduff gaels,Corduff Gaels G.F.C.,club,
cork,Cork Camogie Club,club,
corlough,Corlough GFC,club,
cornafean,Cornafean GFC,club,
corofin,Corofin GAA,club,
corofin,Corofin GAA Club,club,
cortoon shamrocks,Cortoon Shamrocks GAA,club,
courcey rovers,Courcey Rovers G.A.A. Club,club,
courtwood,Courtwood GAA,club,
craobh chiarain hurling and football,Craobh Chiaráin Hurling and Football Club,club,
craughwell,Craughwell Hurling Club,club,
crecora manister,Crecora Manister GAA,club,
cremartin shamrocks,Cremartin Shamrocks GAA,club,
crettyard,Crettyard GAA Club,club,
crinkill,Crinkill GAA,club,
croghan,Croghan GAA,club,
crookedwood,Crookedwood Hurling Club,club,
crosserlough,Crosserlough GFC,club,
crosshaven,Crosshaven GAA,club,
cullaville blues,Cullaville Blues,club,
cullen football pitch,Cullen Football Pitch,club,
cullohill,Cullohill GAA,club,
cumann luthchleas gael moin choinn,Cumann Lúthchleas Gael Móin Choinn,club,
cumber forest gaelic pitch,Cumber Forest Gaelic Pitch,club,
currow,Currow GAA,club,
curry,Curry GAA Club,club,
cusack park gaa grounds,Cusack Park GAA Grounds,club,
daingean,Daingean GAA,club,
danesfort,Danesfort GAA,club,
davitts,Davitts GFC,club,
dawson park commercials,Dawson Park (Commercials Hurling & Camogie Club),club,
de la salle gaa club cleaboy grounds,De La Salle GAA Club - Cleaboy Grounds,club,
de la salle gaa club gracedieu grounds,De La Salle GAA Club - Gracedieu Grounds,club,
delanys,Delanys GAA Club,club,
delvin,Delvin GAA,club,
denn,Denn GFC,club,
derrybeg kickabout,Derrybeg Kickabout,club,
derrygonnelly harps,Derrygonnelly Harps GAA,club,
derrylin,Derrylin GAA,club,
derrynoose,Derrynoose GAC,club,
devenish,Devenish GAA,club,
devine park mostrim gfc wolfe tones,Devine Park (Mostrim GFC / Wolfe Tones HC),club,
diarmuid o mathuna,Diarmuid O'Mathuna GAA Club,club,
dicksboro,Dicksboro GAA Club,club,
doheny s gaa sam maguire park,Doheny's GAA (Sam Maguire Park),club,
doire colmcille,Doire Colmcille GAA,club,
doire trasna,Doire Trasna CLG,club,
donaghmore ashbourne,Donaghmore-Ashbourne GAA,club,
donard glen,Donard Glen GAA,club,
doneraile,Doneraile GAA,club,
doohamlet o neills,Doohamlet O'Neills GAA,club,
doon,Doon GAA,club,
doon,Doon GAA,club,
dorset emett,Dorset Emett GFC,club,
douglas,Douglas GAA,club,
downings,Downings GAA,club,
dr croke s,Dr. Croke's GAA,club,
drom gaa field,Drom GAA field,club,
drom inch,Drom & Inch GAA Club,club,
drom inch gaa grounds,Drom & Inch GAA grounds,club,
dromcollogher gaa pitch,Dromcollogher GAA Pitch,club,
drumalee,Drumalee GFC,club,
drumbaragh emmets,Drumbaragh Emmets GFC,club,
drumgoon eire og,Drumgoon Éire Óg,club,
drumlane,Drumlane GFC,club,
drumquin wolfe tones,Drumquin Wolfe Tones GAC,club,
drumragh sarsfields,Drumragh Sarsfields G.A.C,club,
drumree,Drumree GAA,club,
drung gaa grounds,Drung GAA Grounds,club,
dundalk gaels,Dundalk Gaels,club,
dungarvan,Dungarvan GAA Club,club,
dungourney,Dungourney GAA,club,
duniry pitch,Duniry Pitch,club,
dunlavin,Dunlavin GAA,club,
dunmore mchales,Dunmore McHales GAA,club,
dunshaughlin,Dunshaughlin GAA,club,
durlas og,Durlas Óg GAA,club,
durrow,Durrow GAA,club,
eadestown,Eadestown GAA,club,
easkey gaa easkey sea blues,Easkey GAA - Easkey Sea Blues,club,
eastern gaels,Eastern Gaels,club,
eastern harps,Eastern Harps,club,
edenderry,Edenderry GAA,club,
edenderry gaa weaver s fields,Edenderry GAA - Weaver's Fields,club,
ederney,Ederney GAA,club,
ederney st joseph s,Ederney St Joseph's,club,
effin,Effin GAA,club,
eire og,Éire Óg CLG,club,
eire og,Éire Óg GAA,club,
eire og,Éire Óg GAA,club,
eire og annacarty donohill,Eire Og Annacarty Donohill GAA,club,
eire og ashgrove,Éire Óg Ashgrove,club,
eire og corra choill,Éire Óg Corra Choill,club,
eire og greystones,Éire Óg Greystones GAA Club,club,
eire og inis gaa academy,Éire Óg Inís GAA Academy,club,
ellistown,Ellistown GFC,club,
emeralds,Emeralds GAA,club,
emly,Emly GAA Club,club,
enniscrone kilglass,Enniscrone Kilglass GAA,club,
ennistymon,Ennistymon GAA Club,club,
eoghan rua pitch,Eoghan Rua Pitch,club,
eoghan ruadh,Eoghan Ruadh Hurling Club,club,
erin rovers,Erin Rovers GAA,club,
erin s own,Erin's Own GAA,club,
erin s own,Erin's Own GAA Club,club,
erins isle,Erins Isle GAA Club,club,
erins own lavey,Erins Own Lavey GAC,club,
erne gaels,Erne Gaels GAA,club,
eskra emmetts,Eskra Emmetts GAC,club,
father casey s,Father Casey's GAA,club,
faugh s,Faugh's GAA,club,
feenagh kilmeedy,Feenagh Kilmeedy GAA,club,
fenagh,Fenagh GAA,club,
fenians johnstown,Fenians Johnstown GAA,club,
feohanagh castlemahon,Feohanagh / Castlemahon,club,
ferbane,Ferbane GAA,club,
ferns saint aidan s,Ferns Saint Aidan's G.A.A. Club,club,
ferrybank,Ferrybank G.A.A. Club,club,
fighting cocks,Fighting Cocks GAA,club,
fingal ravens,Fingal Ravens GFC,club,
fingallians,Fingallians GAA Club,club,
fintona pearses,Fintona Pearses GAC,club,
firies,Firies GAA Club,club,
fontenoy park,Fontenoy Park GAC,club,
fossa,Fossa GAA Club,club,
foxrock cabinteely,Foxrock Cabinteely GAA Club,club,
fr manning gaels,Fr Manning Gaels GFC,club,
fr o neill s,Fr. O' Neill's GAA Club,club,
fr rocks,Fr Rocks GAC,club,
fr sheehys,Fr. Sheehys GAA,club,
gaa 1,GAA 1,club,
gaa 13,GAA 13,club,
gaa 21,GAA 21,club,
gaa 22,GAA 22,club,
gaa 29,GAA 29,club,
gaa 3,GAA 3,club,
gaa 30,GAA 30,club,
gaa 34,GAA 34,club,
gaa 35,GAA 35,club,
gaa 6,GAA 6,club,
gaa 7,GAA 7,club,
gaa grounds,GAA Grounds,club,
gaa national games development centre,GAA National Games Development Centre,club,
gaa soccer pitches,GAA/Soccer Pitches,club,
gabriel rangers gaa schull ballydehob,Gabriel Rangers GAA - Schull & Ballydehob,club,
gaeil colmcille,Gaeil Colmcille,club,
gael colmcille,Gael Colmcille,club,
galtee gaels,Galtee Gaels GAA,club,
galtee rovers,Galtee Rovers GAA,club,
galway road pitch,Galway Road Pitch,club,
garda westmanstown gaels,Garda Westmanstown Gaels GAA Club,club,
garnish,Garnish GAA Club,club,
garrymore,Garrymore GFC,club,
gaultier,Gaultier GAA,club,
geashill,Geashill GAA,club,
geashill gaa pitch,Geashill Gaa Pitch,club,
geevagh community sports ground,Geevagh Community Sports Ground,club,
gerald griffins,Gerald Griffins GAA,club,
glanmire,Glanmire G.A.A. Club,club,
glanworth,Glanworth GAA Club,club,
gleann na laoi,Gleann na Laoi,club,
glen emmets,Glen Emmets,club,
glenavy,Glenavy GAC,club,
gleneally,Gleneally GAA,club,
glenealy community centre,Glenealy Community Centre,club,
glengarriff,Glengarriff GAA Club,club,
glenmore,Glenmore GAA,club,
glenroe,Glenroe GAA Club,club,
glin,Glin GAA,club,
golden kilfeacle,Golden Kilfeacle GAA Club,club,
goleen,Goleen GAA Club,club,
good counsel,Good Counsel GAA Club,club,
gorteen,Gorteen GAA,club,
gortletteragh,Gortletteragh GAA,club,
gortnahoe glengoole,Gortnahoe Glengoole GAA Club,club,
gowna,Gowna GFC,club,
gracefield,Gracefield GAA,club,
graigue ballycallan,Graigue Ballycallan GAA Club,club,
graiguecullen,Graiguecullen GAA,club,
graiguenamanagh,Graiguenamanagh GAA,club,
granard sports complex,Granard Sports Complex,club,
granard st mary s,Granard St. Mary's GFC,club,
grange,Grange GAA,club,
grangenolvin,Grangenolvin GAA,club,
grantstown gaa park,Grantstown G.A.A. Park,club,
grattan og,Grattan Óg GFC,club,
greenlough,Greenlough GAA,club,
gusserane o rahillys,Gusserane O'Rahillys GAA,club,
halo tiles wexford gaa centre of excellence,Halo Tiles Wexford GAA Centre of Excellence,club,
hawkfield,Hawkfield GAA,club,
hillview tennis badminton pitch putt,"Hillview Tennis, Badminton, Pitch & Putt",club,
hollymount,Hollymount,club,
hollymount carramore,Hollymount Carramore GAA club,club,
hollywood,Hollywood GAA,club,
holycross ballycahill,Holycross Ballycahill GAA Club,club,
holycross ballycahill,Holycross Ballycahill GAA,club,
horeswood,Horeswood GAA Club,club,
hospital herbertstown,Hospital-Herbertstown GAA,club,
hurling wall,Hurling wall,club,
hurling wall,Hurling Wall,club,
ilen rovers,Ilen Rovers GAA,club,
ilen rovers,Ilen Rovers GAA Club,club,
inagh kilnamona,Inagh-Kilnamona GAA Club,club,
inagh kilnamona,Inagh-Kilnamona GAA Club,club,
innisfails,Innisfails GAA Club,club,
inniskeen grattans,Inniskeen Grattans GAA Club,club,
irvinestown,Irvinestown GAA,club,
islandeady,Islandeady GAA,club,
jk brackens,JK Brackens GAA,club,
jk brackens,JK Brackens GAA Club,club,
john mitchells gac glenullin,John Mitchells GAC Glenullin,club,
john mitchels,John Mitchels GAA Club,club,
john mitchels,John Mitchels GAA,club,
johnstownbridge,Johnstownbridge GAA,club,
keel,Keel GAA,club,
kenagh gfc mcgann park,Kenagh GFC (McGann Park),club,
kerins o rahillys,Kerins O'Rahillys GAA Club,club,
kevin lynch s,Kevin Lynch's GAA,club,
kiladangan,Kiladangan GAA,club,
kilbride,Kilbride GAA,club,
kilbride,Kilbride GAA,club,
kilbride,Kilbride GAA,club,
kilbrittain gaa sand cross,Kilbrittain GAA (Sand Cross),club,
kilcavan,Kilcavan GAA,club,
kilcock,Kilcock GAA,club,
kilconnell sports centre,Kilconnell Sports Centre,club,
kilcoo,Kilcoo GAC,club,
kilcoole,Kilcoole GAA,club,
kilcormac killoughy,Kilcormac-Killoughy GAA,club,
kilcornan,Kilcornan GAA,club,
kilcotton gaa grounds,Kilcotton GAA Grounds,club,
kilcullen,Kilcullen GAA,club,
kilcummin,Kilcummin GAA,club,
kildallan,Kildallan GFC,club,
kildangan,Kildangan GAA,club,
kildavin clonegal,Kildavin-Clonegal GAA,club,
kildimo,Kildimo GAA,club,
kildorrery,Kildorrery GAA,club,
kilfinane blackrock,Kilfinane Blackrock GAA,club,
kilgarvan,Kilgarvan G.A.A.,club,
kilgobnet,Kilgobnet GAA Club,club,
kilkerrin clonberne,Kilkerrin-Clonberne GAA,club,
kill,Kill GAA Club,club,
kill,Kill GAA,club,
killanena,Killanena,club,
killashee st brigid s,Killashee St. Brigid's GFC,club,
killeagh,Killeagh GAA,club,
killeeshil st mary s,Killeeshil St Mary's,club,
killeevan sarasfields,Killeevan Sarasfields GAA,club,
killeigh,Killeigh GAA,club,
killenaule gaa complex,Killenaule GAA Complex,club,
killeshandra leaguers,Killeshandra Leaguers GAA,club,
killeshin,Killeshin GAA,club,
killimer,Killimer GAA Club,club,
killimordaly,Killimordaly GAA Club,club,
killinkere,Killinkere GFC,club,
killucan gaa grounds,Killucan GAA Grounds,club,
killygarry,Killygarry GAA,club,
kilmacanoge,Kilmacanoge GAA,club,
kilmacow,Kilmacow GAA Club,club,
kilmacthomas,Kilmacthomas GAA,club,
kilmacud crokes gaa silver park,Kilmacud Crokes GAA (Silver Park),club,
kilmaine community pitch,Kilmaine Community Pitch,club,
kilmainhamwood,Kilmainhamwood GFC,club,
kilmaley,Kilmaley GAA,club,
kilmallock,Kilmallock GAA,club,
kilmeen kilbree,Kilmeen & Kilbree GAA Club,club,
kilmichael,Kilmichael GAA,club,
kilmoganny,Kilmoganny GAA Club,club,
kilmurry gaa crookstown grounds,Kilmurry GAA Crookstown Grounds,club,
kilmurry ibrickane,Kilmurry Ibrickane GAA Club,club,
kilrossanty,Kilrossanty GAA Club,club,
kilruane,Kilruane Camógie,club,
kilruane macdonaghs,Kilruane MacDonaghs GAA & Camógie Club,club,
kilrush askamore gaa grounds,Kilrush Askamore GAA Grounds,club,
kilshannig,Kilshannig GAA,club,
kilsheelan kilcash,Kilsheelan Kilcash GAA,club,
kilskyre,Kilskyre GAA,club,
kiltale gaa ground,Kiltale GAA Ground,club,
kiltale gaa main field,Kiltale GAA Main Field,club,
kiltale gaa secondary field,Kiltale GAA Secondary Field,club,
kiltale squash area,Kiltale Squash Area,club,
kiltegan,Kiltegan GAA,club,
kinawley,Kinawley GAA,club,
kinnitty,Kinnitty GAA,club,
kinsale,Kinsale G.A.A. Club,club,
knockainey,Knockainey,club,
knockananna,Knockananna GAA,club,
knockane gaa pitch,Knockane GAA Pitch,club,
knocknagree,Knocknagree G.A.A. Club,club,
knocks,Knocks GAA,club,
knockshegowna,Knockshegowna GAA,club,
kyle,Kyle GAA,club,
lacken,Lacken GFC,club,
lacken celtic,Lacken Celtic GFC,club,
lacken gaa pitch,Lacken GAA Pitch,club,
laois gaa centre of excellence,Laois GAA Centre of Excellence,club,
laragh,Laragh GFC,club,
laragh united,Laragh United GAA,club,
lattin cullen,Lattin Cullen GAA Club,club,
latton o rahilly,Latton O'Rahilly GFC,club,
lavey,Lavey GFC,club,
lavey gaa grounds,Lavey GAA Grounds,club,
leamh dearg,Leamh Dearg,club,
leighlinbridge,Leighlinbridge GFC,club,
leitrim gaels,Leitrim Gaels GAA,club,
leixlip,Leixlip GAA Club,club,
leo casey park ballymahon,Leo Casey Park (Ballymahon GFC),club,
letterkenny gaels gaa rugby,Letterkenny Gaels GAA/Rugby Club,club,
liffey gaels,Liffey Gaels GAA Club,club,
lisbellaw saint patricks,Lisbellaw Saint Patricks GAA,club,
liscannor,Liscannor GAA,club,
lisdowney,Lisdowney GAA Club,club,
lislea gaelic pitch,Lislea Gaelic Pitch,club,
lismore,Lismore GAA Club,club,
lisnaskea,Lisnaskea GAA,club,
lissan,Lissan GAC,club,
lissummon,Lissummon GAA,club,
listowel emmets gaa frank sheehy park,Listowel Emmets GAA (Frank Sheehy Park),club,
listry,Listry,club,
lixnaw,Lixnaw Hurling Club.,club,
longford slashers gaa michael fay park,Longford Slashers GAA (Michael Fay Park),club,
loughgiel shamrocks,Loughgiel Shamrocks GAA,club,
loughmore castleiney,Loughmore Castleiney GAA Club,club,
loughrea,Loughrea GAA Club,club,
loughrea gaelic football,Loughrea Gaelic Football Club,club,
lucan sarsfields,Lucan Sarsfields GAA Club,club,
lusmagh,Lusmagh GAA,club,
macroom,Macroom GAA Club,club,
madden rapparees,Madden Rapparees GAA,club,
maghera macfinn,Maghera MacFinn GFC,club,
magheracloone mitchells gaa old,Magheracloone Mitchells GAA (Old),club,
maguires pitches,Maguires Pitches,club,
maguiresbridge,Maguiresbridge GAA,club,
malin gaelic football pitch,Malin Gaelic Football Pitch,club,
mallow,Mallow GAA Club,club,
man o war,Man O War GAA,club,
maynooth,Maynooth GAA Club,club,
mayobridge,Mayobridge GAA Club,club,
mc geough park geraldines,Mc Geough Park (Geraldines GFC),club,
meath hill,Meath Hill GAA,club,
menlo emmets,Menlo Emmets GAA Club,club,
menlough,Menlough GAA,club,
menlough gaa pitch,Menlough GAA Pitch,club,
michael davitt swatragh gac park,Michael Davitt Swatragh GAC Park,club,
middletown,Middletown GAA,club,
midleton,Midleton GAA Club,club,
midleton gaa pitch,Midleton GAA pitch,club,
milford,Milford GAA,club,
millford,Millford GAA,club,
milltown,Milltown GAA,club,
moate all whites,Moate All Whites,club,
monaghan gaa centre of excellence,Monaghan GAA Centre of Excellence,club,
monaghan harps,Monaghan Harps GAA,club,
monasterevin,Monasterevin GFC,club,
moneygall,Moneygall GAA,club,
monivea abbey,Monivea-Abbey GAA Club,club,
moorefield,Moorefield GAA Club,club,
mount leinster rangers,Mount Leinster Rangers GAA,club,
mount sion,Mount Sion GAA Club,club,
mountmellick,Mountmellick GAA,club,
mountrath,Mountrath GAA,club,
moy,Moy GAA,club,
moy davitts,Moy Davitts GAA,club,
moycarkey borris,Moycarkey Borris GAA,club,
moygownagh,Moygownagh GAA Club,club,
moyle rovers,Moyle Rovers GAA,club,
moynalty,Moynalty GFC,club,
moyne templetouhy,Moyne-Templetouhy GAA,club,
moyvane,Moyvane GAA,club,
mucklagh shamrocks,Mucklagh Shamrocks GAA,club,
mullagh sports centre,Mullagh Sports Centre,club,
mullaghbawn gaelic ladies football camogie clu,Mullaghbawn Gaelic & Ladies Football & Camogie Clu,club,
mullahoran dreadnoughts,Mullahoran Dreadnoughts GAA,club,
mullinalaghta st columba s gfc the laurels,Mullinalaghta St. Columba's GFC (The Laurels),club,
mullinavat,Mullinavat GAA Club,club,
mullingar shamrocks,Mullingar Shamrocks GAA Club,club,
mungret st pauls,Mungret St. Pauls G.A.A. Club,club,
murroe boher,Murroe/Boher GAA,club,
murroe boher,Murroe Boher GAA,club,
na cealla beaga gaa pitch,Na Cealla Beaga GAA Pitch,club,
na ceithre maistri four masters,Na Ceithre Máistrí - Four Masters GAA,club,
na fianna,Na Fianna GAA,club,
na fianna,Na Fianna CLG,club,
na gaeil,Na Gaeil,club,
na piarsaigh,Na Piarsaigh GAA,club,
naas,Naas GAA,club,
naomh barrog,Naomh Barróg,club,
naomh brid,Naomh Brid GAA,club,
naomh columba gaelic pitch,Naomh Columba Gaelic Pitch,club,
naomh eanna,Naomh Éanna GAA Club,club,
naomh eoin,Naomh Eoin CLG,club,
naomh eoin,Naomh Eoin GAA,club,
naomh fionnbarra,Naomh Fionnbarra GAA Club,club,
naomh mearnog,Naomh Mearnóg GAA Club,club,
naomh olaf,Naomh Olaf GAA Club,club,
naomh padraig,Naomh Pádraig CLG,club,
naomh ultan gaa pitch,Naomh Ultan GAA Pitch,club,
new pitch,New Pitch,club,
new senior pitch,New Senior Pitch,club,
newbridge,Newbridge GAC,club,
newcastle,Newcastle GAA,club,
newcastle,Newcastle GAA Club,club,
newcestown,Newcestown GAA,club,
newport,Newport GAA,club,
newtown,Newtown GAA,club,
newtown ballydurn gaa grounds,Newtown & Ballydurn GAA Grounds,club,
newtown blues,Newtown Blues,club,
newtownbutler,Newtownbutler GAA,club,
nurney,Nurney GAA,club,
o callaghans mills,O'Callaghans Mills GAA,club,
o callaghans mills,O'Callaghans Mills GAA Club,club,
o connell s gaa tullysaran,"O'Connell's GAA, Tullysaran",club,
o currys,O'Currys GAA,club,
o dempsey s,O'Dempsey's GAA,club,
o donovan rossa,O'Donovan Rossa GAA Club,club,
o donovan rossa riverside complex,O'Donovan Rossa Riverside Complex,club,
o dwyers,O'Dwyers GAA Club,club,
o hanrahan s,O'Hanrahan's GFC,club,
o raghallaigh s,O'Raghallaigh's CLG,club,
o tooles gaelic association,O'Tooles Gaelic Association Club,club,
ogonnelloe,Ogonnelloe GAA Club,club,
old leighlin,Old Leighlin GAA,club,
old naomh aban pitch,Old Naomh Ában Pitch,club,
old pitch,Old Pitch,club,
oldcastle,Oldcastle GFC,club,
oldcastle united,Oldcastle United FC,club,
oliver plunkett s,Oliver Plunkett's GAA,club,
oram,Oram G.F.C.,club,
oran,Oran GAA,club,
oughterard,Oughterard GAA,club,
our lady s island,Our Lady's Island GAA Club,club,
owenmore gaels,Owenmore Gaels,club,
o’donovan rossa,O’Donovan Rossa G.A.C.,club,
palatine gaa club bennekerry,"Palatine GAA Club, Bennekerry",club,
pallasgreen,Pallasgreen GAA,club,
pallaskenry,Pallaskenry GAA,club,
parc mhic dara,Parc Mhic Dara,club,
park ratheniska,Park Ratheniska GAA,club,
passage,Passage Hurling Club,club,
passage west,Passage West GAA,club,
pearse s gaa waterside,"Pearse's GAA, Waterside",club,
phairc gaeil na sionainne,Pháirc Gaeil na Siónainne,club,
phoenix centre,Phoenix Centre,club,
piltown gaa complex,Piltown GAA Complex,club,
playground and pitch,Playground and Pitch,club,
portarlington,Portarlington GAA,club,
portlaoise gaa ground,Portlaoise GAA Ground,club,
portlaw,Portlaw GAA,club,
portmagee,Portmagee GAA,club,
portobello,Portobello GAA,club,
practice pitch,Practice Pitch,club,
quin national school football pitch,Quin National School Football Pitch,club,
rahan,Rahan GAA,club,
raheens,Raheens GAA,club,
raheny gaa 10,Raheny GAA 10,club,
raheny gaa 12,Raheny GAA 12,club,
raheny gaa 12a,Raheny GAA 12a,club,
raheny gaa 9,Raheny GAA 9,club,
rahoon newcastle,Rahoon / Newcastle GAA,club,
randal og,Randal Óg GAA Club,club,
rapparees starlights,Rapparees Starlights GAA,club,
rath,Rath GAA,club,
rathcline,Rathcline GFC,club,
rathdowney,Rathdowney GAA,club,
rathgarogue,Rathgarogue GAA,club,
rathgormack,Rathgormack GAA Club,club,
rathkeale,Rathkeale GAA,club,
rathkenny,Rathkenny GFC,club,
rathmore,Rathmore GAA Club,club,
rathnew,Rathnew GAA,club,
rathpeacon gaa lgfa,Rathpeacon GAA/LGFA Club,club,
rathvilly,Rathvilly GAA,club,
realt na mara,Réalt na Mara GAA,club,
redhills,Redhills GAA,club,
renard,Renard GAA,club,
rheban,Rheban GFC,club,
rhode,Rhode GAA,club,
roanmore gaa club cleaboy grounds,Roanmore GAA Club - Cleaboy Grounds,club,
roanmore gaa club sports social centre,Roanmore GAA Club Sports & Social Centre,club,
robert emmets,Robert Emmets GFC,club,
robert emmets,Robert Emmets GAC,club,
robertstown,Robertstown GAA,club,
roche emmets gaelic football,Roche Emmets Gaelic Football Club,club,
rock st patrick s,Rock St Patrick's GAC,club,
rockwell rovers,Rockwell Rovers GAA Club,club,
ros glas,Ros Glas GAA,club,
roscrea,Roscrea GAA Hurling,club,
rosenallis,Rosenallis GAA,club,
roslea,Roslea GAA,club,
round towers gaa kells ac,Round Towers GAA & Kells AC,club,
round towers kildare town,Round Towers - Kildare Town GAA,club,
rower inistioge,Rower Inistioge GAA Club,club,
ruairi og,Ruairí Óg,club,
ruan,Ruan GAA,club,
russel rovers,Russel Rovers GAA,club,
russell gaelic union,Russell Gaelic Union,club,
saint anne s,Saint Anne's GAA Club,club,
saint brides,Saint Brides GFC,club,
saint brigid s,Saint Brigid's GAA,club,
saint brigid s,Saint Brigid's GFC,club,
saint colmcilles,Saint Colmcilles G.F.C.,club,
saint croans,Saint Croans GAA Club,club,
saint eunan s gaelic football,Saint Eunan's Gaelic Football Club,club,
saint fergals,Saint Fergals GAA Club,club,
saint finbarr s national hurling and football,Saint Finbarr's National Hurling and Football club,club,
saint finian s,Saint Finian's GAA,club,
saint gall s gaelic athletic,Saint Gall's Gaelic Athletic Club,club,
saint james,Saint James GAA Club,club,
saint john bosco,Saint John Bosco CLG,club,
saint john bosco sports hall,Saint John Bosco Sports Hall,club,
saint joseph s,Saint Joseph's GAA,club,
saint jude s,Saint Jude's GAA,club,
saint kevin s,Saint Kevin's GFC (GAA),club,
saint martin s,Saint Martin's GAA Club,club,
saint mary,Saint Mary GAA,club,
saint mary s,Saint Mary's,club,
saint mary s afc,Saint Mary's AFC,club,
saint mellan s,Saint Mellan's,club,
saint michael s,Saint Michael's GAA Club,club,
saint michaels,Saint Michaels GFC,club,
saint michaels gfc football pitch,Saint Michaels GFC Football Pitch,club,
saint oliver plunkett s,Saint Oliver Plunkett's GAA Hurling Club,club,
saint patrick s,Saint Patrick's G.A.A. Club,club,
saint patrick s,Saint Patrick's GAA Club,club,
saint patrick s,Saint Patrick's GFC,club,
saint patrick s arva,Saint Patrick's Arva GAA,club,
saint peregrine s,Saint Peregrine's GAA,club,
saint peregrine s gaa briarwood pitch,Saint Peregrine's GAA - Briarwood pitch,club,
saint peregrine s gaa hartstown pitch,Saint Peregrine's GAA - Hartstown pitch,club,
saint peregrine s gaa hill pitch,Saint Peregrine's GAA - Hill Pitch,club,
saint peter s gaelic athletic association,Saint Peter's Gaelic Athletic Association Club,club,
saint saviours,Saint Saviours GAA Club,club,
saint sennan s,Saint Sennan's GAA,club,
saint ultans,Saint Ultans GAA Club,club,
saint ultans gaa martry,Saint Ultans GAA Martry,club,
sarsfield s,Sarsfield's GAA,club,
sarsfield s gaa high moss,"Sarsfield's GAA, High Moss",club,
sarsfields,Sarsfields GAA,club,
saul,Saul GAC,club,
saval,Saval GAC,club,
scarriff,Scarriff GAA Club,club,
school pitch,School Pitch,club,
scoil mhuire pitches,Scoil Mhuire Pitches,club,
scoil ui chonaill,Scoil Uí Chonaill GAA Club,club,
scotstown,Scotstown GAA,club,
sean mcdermott s,Seán McDermott's GFC,club,
sean o heslins,Sean O'Heslins G.A.A Club,club,
sean treacys,Sean Treacys GAA Club,club,
setanta,Setanta GAA,club,
shamrocks gaa pitches,Shamrocks GAA Pitches,club,
shamrocks hurling football,Shamrocks Hurling & Football Club,club,
shanahoe,Shanahoe GAA,club,
shandonagh,Shandonagh GAA,club,
shane o neills,Shane O'Neills Hurling Club,club,
shannon gaels,Shannon Gaels GAA,club,
shannon gaels,Shannon Gaels GAA,club,
shercock,Shercock GAA,club,
shillelagh,Shillelagh GAA,club,
shillelagh coolboy,Shillelagh-Coolboy GAA,club,
shinrone,Shinrone GAA,club,
silvermines,Silvermines GAA Club,club,
simonstown,Simonstown GAA Club,club,
sixmilebridge,Sixmilebridge GAA,club,
skerries harps,Skerries Harps GAA,club,
sliabh bloom,Sliabh Bloom GAA,club,
sliabh gcua st mary s,Sliabh gCua - St. Mary's GAA Club,club,
slieverue,Slieverue GAA Club,club,
sligo gaa centre of excellence,Sligo GAA Centre of Excellence,club,
smith o brien gaa field,Smith-O' Brien GAA Field,club,
sneem,Sneem GAA Club,club,
solohead,Solohead GAA Club,club,
spink,Spink GFC,club,
sport ireland campus,Sport Ireland Campus,club,
st brigid s,St. Brigid's Camogie Club,club,
st brigid s,St Brigid's GAA Club,club,
st canices gaelic athletic,St Canices Gaelic Athletic Club,club,
st catherine s gaa club house,St Catherine's GAA club house,club,
st colman s,St Colman's GAA,club,
st colmcille s gaa grange,"St. Colmcille's GAA, Grange",club,
st colum s,St. Colum's GAA,club,
st declan s gaa ground,St. Declan's GAA Ground,club,
st dominics,St. Dominics GAA Club,club,
st endas,St. Endas G.A.C,club,
st faithleach s,St. Faithleach's,club,
st fechin s,St Fechin's GAA,club,
st finian s,St. Finian's G.A.A. Club,club,
st ita s,St. Ita's GAA Club,club,
st james,St. James GAA Club,club,
st james,St. James' GAA,club,
st johns s volunteers,St. Johns's Volunteers GAA Club,club,
st joseph s,St. Joseph's GAA Club,club,
st joseph s glenavy,St Joseph's Glenavy GAC,club,
st kevin s gaa philipstown,"St. Kevin's GAA, Philipstown",club,
st kieran s,St. Kieran's,club,
st lachtain s,St. Lachtain's GAA,club,
st laurence s,St Laurence's GAA,club,
st lomans,St Lomans GAA Club,club,
st malachy s gaa portadown,"St. Malachy's GAA, Portadown",club,
st margarets,St Margarets GAA,club,
st mark s,St. Mark's GAA Club,club,
st mary s,St Mary's GAA,club,
st mary s,St. Mary's GAA,club,
st mary s gaa carrick,St Mary's GAA Carrick,club,
st mary s gac killyclogher,"St. Mary's GAC, Killyclogher",club,
st mary s maudlintown,St. Mary's Maudlintown GAA Club,club,
st marys,St. Marys GAA Club,club,
st marys rosslare,St Marys Rosslare GAA & Camogie Club,club,
st maur s,St. Maur's GAA,club,
st mogues,St Mogues GAA,club,
st mollerans,St. Mollerans GAA Club,club,
st monica s,St Monica's CLG,club,
st moninne s gaa killeavy,"St. Moninne's GAA, Killeavy",club,
st nauls,St Nauls GAA Club,club,
st oliver plunkett eoghan ruadh,St. Oliver Plunkett Eoghan Ruadh GAA Club,club,
st osnat s,St. Osnat's GAA,club,
st patrick s,St. Patrick's GAA,club,
st patrick s,St Patrick's GAA,club,
st patrick s,St. Patrick's GAA,club,
st patrick s,St. Patrick's GAA Club,club,
st patrick s gaa #1,St. Patrick's GAA #1,club,
st patricks,St Patricks GAA,club,
st patricks,St Patricks GAA,club,
st patricks gaa #2,St. Patricks GAA #2,club,
st peter s gac warrenpoint,St Peter's GAC Warrenpoint,club,
st ronan s,St Ronan's GAA,club,
st rynaghs,St. Rynaghs Hurling Club,club,
st senan s,St. Senan's GAA,club,
st sylvester s,St Sylvester's GAA,club,
st sylvesters,St. Sylvesters GAA,club,
st thomas gaa pitch,St Thomas' GAA Pitch,club,
st vincent s,St. Vincent's CLG,club,
staker wallace,Staker Wallace GAA Club,club,
stars of erin,Stars of Erin GAA,club,
steelstown,Steelstown GAA,club,
stmarys,St.Marys GAC,club,
stmullins,St.Mullins GAA,club,
stradbally,Stradbally GAA,club,
stradbally,Stradbally GAA,club,
straffan,Straffan GAA,club,
stratford grangecon,Stratford Grangecon GAA,club,
suncroft,Suncroft GAA,club,
swanlinbar,Swanlinbar GFC,club,
swinford,Swinford GAA Club,club,
tadhg maccarthaigh,Tadhg MacCarthaigh GAA,club,
taghmon camross,Taghmon Camross GAA,club,
tallow,Tallow GAA Club,club,
tarbert,Tarbert GAA,club,
tattyreagh st patrick s,Tattyreagh St. Patrick's GAC,club,
teconnaught,Teconnaught GAC,club,
templenoe,Templenoe GAA Club,club,
templeogue synge street,Templeogue Synge Street GAA Club,club,
templeport,Templeport GFC,club,
tempo,Tempo GAA,club,
tennis,Tennis,club,
terry coyle,Terry Coyle GAA Club,club,
the bleach,The Bleach,club,
the bridge,The Bridge,club,
the harps,The Harps GAA,club,
the heath,The Heath GAA,club,
the neale,The Neale GAA,club,
the nire fourmilewater,The Nire - Fourmilewater GAA,club,
the peace link,The Peace Link,club,
the prarie,The Prarie,club,
the rock,The Rock GAA,club,
thomas davis gfc corrinshego,Thomas Davis GFC Corrinshego,club,
thomas davis hub,Thomas Davis Hub,club,
threecastles,Threecastles GAA Club,club,
thurles gaels,Thurles Gaels GAA,club,
timahoe,Timahoe GAA,club,
tinahely,Tinahely GAA,club,
tinryland,Tinryland GAA,club,
tipperary county camogie grounds,Tipperary County Camogie Grounds,club,
tir na nog gaelic football,Tír na nÓg Gaelic Football Club,club,
tommy larkins,Tommy Larkins GAA,club,
tourin gaa grounds,Tourin GAA Grounds,club,
tourlestrane gaa park,Tourlestrane G.A.A. Park,club,
tourmakeady,Tourmakeady GFC,club,
tracton,Tracton GAA,club,
tramore,Tramore GAA,club,
trillick st macartan s,Trillick St. Macartan's GAC,club,
trim,Trim GAA Club,club,
trinity gaels,Trinity Gaels GAA Club,club,
truagh,Truagh GAA,club,
trumera,Trumera GAA,club,
tubber,Tubber GAA,club,
tubberclare football pitch,Tubberclare Football pitch,club,
tulla,Tulla G.A.A.,club,
tullamore,Tullamore GAA,club,
tullaroan,Tullaroan GAA Club,club,
tullylease,Tullylease GAA,club,
tullylish,Tullylish GAC,club,
tulsk,Tulsk GAA,club,
tuosist,Tuosist GAA,club,
turloughmore,Turloughmore GAA,club,
turloughmore,Turloughmore GAA,club,
two mile house,Two Mile House GAA Club,club,
tynagh abbey duniry,Tynagh Abbey Duniry Hurling Club,club,
tyrone gaa garvaghey centre,Tyrone GAA Garvaghey Centre,club,
uibh laoire,Uibh Laoire GAA,club,
university of galway sports campus,University of Galway Sports Campus,club,
upperchurch drombane,Upperchurch Drombane GAA Club,club,
urhan,Urhan GAA Club,club,
walsh island,Walsh Island GAA,club,
walterstown,Walterstown GFC,club,
watergrasshill,Watergrasshill GAA,club,
waterville,Waterville GAA Club,club,
watty graham s,Watty Graham's GAC,club,
westport,Westport GAA,club,
whitegate,Whitegate GAA Club,club,
whitehall colmcille,Whitehall Colmcille GAA,club,
wicklow,Wicklow GAA,club,
wild geese,Wild Geese GAA,club,
windgap,Windgap GAA Club,club,
wolfe tones,Wolfe Tones GAA Club,club,
wolfe tones,Wolfe Tones GAC,club,
youghal,Youghal GAA Club,club,
youghal gaa pitch,Youghal GAA pitch,club,
young irelands,Young Irelands GAA Club,club,
3g pitch,3G Pitch,functional,
academy training area,Academy Training Area,functional,
all weather astro pitch,All weather astro pitch,functional,
all weather pitch,All Weather Pitch,functional,
all weather pitch,All Weather Pitch,functional,
astro pitch,Astro Pitch,functional,
astro pitch,Astro Pitch,functional,
astro pitch 5,Astro Pitch 5,functional,
astro training pitch,Astro training pitch,functional,
astroturf,Astroturf,functional,
balheary pitch 1,Balheary Pitch 1,functional,
balheary pitch 2,Balheary Pitch 2,functional,
ball alley,Ball Alley,functional,
ball alley,Ball Alley,functional,
ball alley,Ball Alley,functional,
ball wall,Ball Wall,functional,
ball wall,Ball Wall,functional,
ballyanne handball alley,Ballyanne Handball Alley,functional,
ballyduff pitch 1,Ballyduff Pitch 1,functional,
ballymaguigan st treas gfc training pitch,Ballymaguigan St Treas GFC Training Pitch,functional,
box alley,Box alley,functional,
buffers alley gaa pitch,Buffers Alley GAA Pitch,functional,
caherlohan gaa training pitch,Caherlohan GAA Training Pitch,functional,
cavan astro park,Cavan Astro Park,functional,
cavan gaa training pitch,Cavan GAA training pitch,functional,
cill chartha gaa training pitch,Cill Chartha GAA Training Pitch,functional,
cloyne gaa small training pitch,Cloyne GAA small training pitch,functional,
clyda rovers dressing rooms,Clyda Rovers Dressing Rooms,functional,
cork camogie clubhouse,Cork Camogie Clubhouse,functional,
cullenstown handball alley,Cullenstown Handball Alley,functional,
donard handball alley,Donard Handball Alley,functional,
dressing rooms and gym,Dressing Rooms and Gym,functional,
fingallians ball wall,fingallians ball wall,functional,
gaa all weather astro turf pitch,GAA All-weather Astro-turf Pitch,functional,
gaa pitch,GAA pitch,functional,
gaa pitch,GAA Pitch,functional,
gaa pitch,GAA Pitch,functional,
gaa pitch 2,GAA pitch 2,functional,
gaa training pitch,GAA Training Pitch,functional,
gaeil colmcille gaa clubhouse,Gaeil Colmcille GAA Clubhouse,functional,
glynn barntown gaa clubhouse,Glynn Barntown GAA Clubhouse,functional,
handball alley,Handball Alley,functional,
handball alley,Handball Alley,functional,
handball alley,Handball Alley,functional,
handball alley,Handball Alley,functional,
handball alley,Handball Alley,functional,
handball alley,Handball Alley,functional,
handball club,Handball Club,functional,
handball courts,Handball Courts,functional,
inniscarra gaa clubhouse,Inniscarra GAA Clubhouse,functional,
junior alleys,Junior Alleys,functional,
juvenile pitch,Juvenile pitch,functional,
kells,Kells Handball Club,functional,
kilmaley gaa grounds and astro turf,Kilmaley GAA Grounds and Astro Turf,functional,
lusk united afc racecours commons training grounds,Lusk United AFC Racecours Commons Training Grounds,functional,
main pitch,Main pitch,functional,
main pitch,Main Pitch,functional,
main pitch,Main Pitch,functional,
main pitch,Main Pitch,functional,
millstreet astro turf,Millstreet Astro Turf,functional,
monavea,Monavea Handball Club,functional,
moylough,Moylough Handball,functional,
naas park training field i,Naas Park Training Field I,functional,
naas park training field iii,Naas Park Training Field III,functional,
naas park training field iv,Naas Park Training Field IV,functional,
naomh columba training pitch,Naomh Columba Training Pitch,functional,
national handball centre,National Handball Centre,functional,
newry shamrocks gac training pitches,Newry Shamrocks GAC (Training Pitches),functional,
pairc na nog juvenile 1,Pairc na nÓg - Juvenile - 1,functional,
pairc na nog juvenile 2,Pairc na nÓg - Juvenile - 2,functional,
pitch 1,Pitch 1,functional,
pitch 1,Pitch 1,functional,
pitch 2,Pitch 2,functional,
pitch 2,Pitch 2,functional,
pitch 2,Pitch 2,functional,
pitch 2,Pitch 2,functional,
pitch 3,Pitch 3,functional,
pitch 3,Pitch 3,functional,
pitch 3,Pitch 3,functional,
rathmore,Rathmore Handball Club,functional,
robert emmet gac training pitch,Robert Emmet GAC training pitch,functional,
round towers astro,Round Towers Astro,functional,
round towers tap 1,Round Towers TAP 1,functional,
round towers tap 2,Round Towers TAP 2,functional,
saint comans,Saint Comans Handball Club,functional,
saint michael s gaa clubhouse,Saint Michael's GAA Clubhouse,functional,
saint patrick s college,Saint Patrick's College Handball,functional,
sarsfield juvenile hurling pitch,Sarsfield Juvenile Hurling Pitch,functional,
scotstown gaa training grounds,Scotstown GAA Training Grounds,functional,
shelmaliers gaa clubhouse,Shelmaliers GAA Clubhouse,functional,
summerhill college astro,Summerhill College Astro,functional,
training pitch,Training pitch,functional,
training pitch,Training Pitch,functional,
training pitch,Training Pitch,functional,
training pitch left,Training Pitch Left,functional,
training pitch right,Training Pitch Right,functional,
tulsk handball alley,Tulsk Handball Alley,functional,
u12 pitch,U12 Pitch,functional,
u14 pitch,U14 Pitch,functional,
valley rovers,Valley Rovers G.A.A. Club,functional,
valleymount,Valleymount GAA,functional,
virginia,Virginia Handball Club,functional,
abbey park,Abbey Park,ground,person-unattributed
annalee park,Annalee Park,ground,person-unattributed
ardagh st patrick s gfc keenan park,Ardagh St. Patrick's GFC (Keenan Park),ground,saint
ardtole memorial park,Ardtole Memorial Park,ground,memorial
austin stack park,Austin Stack Park,ground,person-unattributed
ballyheigue sports field,Ballyheigue Sports Field,ground,person-unattributed
bill delaney park,Bill Delaney Park,ground,person-unattributed
bishop quinlan park,Bishop Quinlan Park,ground,person-unattributed
black field,Black Field,ground,person-unattributed
boyle park,Boyle Park,ground,person-unattributed
boyne park,Boyne Park,ground,person-unattributed
breffni park,Breffni Park,ground,person-unattributed
brewster park,Brewster Park,ground,person-unattributed
brockagh park,Brockagh Park,ground,person-unattributed
canon kearns park,Canon Kearns Park,ground,clergy
casement park,Casement Park,ground,patriot
celtic park,Celtic Park,ground,person-unattributed
chubb renville gaelic grounds,Chubb Renville Gaelic Grounds,ground,place-or-other
cian s field,Cian's Field,ground,person-unattributed
cliftonville playing field the cricky,Cliftonville Playing Field (The Cricky),ground,place-or-other
cloghran grounds,Cloghran Grounds,ground,person-unattributed
clubspot park,Clubspot Park,ground,person-unattributed
county grounds,County Grounds,ground,person-unattributed
croke park,Croke Park,ground,person-unattributed
davitt park,Davitt Park,ground,patriot
de la salle college playing fields,De La Salle College Playing Fields,ground,place-or-other
derreen park,Derreen Park,ground,person-unattributed
devlin park,Devlin Park,ground,person-unattributed
doctor plunkett memorial park,Doctor Plunkett Memorial Park,ground,patriot
dolan park,Dolan Park,ground,person-unattributed
dr morris park,Dr. Morris Park,ground,person-unattributed
duggan park,Duggan Park,ground,person-unattributed
edwin carolan community park,Edwin Carolan Community Park,ground,place-or-other
father kenyon park,Father Kenyon Park,ground,clergy
father mcevoy park,Father McEvoy Park,ground,clergy
father tommy maher field,Father Tommy Maher Field,ground,clergy
father tully park,Father Tully Park,ground,clergy
fay park,Fay Park,ground,person-unattributed
fbd semple stadium,FBD Semple Stadium,ground,person-unattributed
fitzgerald kelly o brien park,Fitzgerald Kelly O'Brien Park,ground,place-or-other
fitzsimons park,Fitzsimons Park,ground,person-unattributed
fraher field,Fraher Field,ground,person-unattributed
frank kelly park,Frank Kelly Park,ground,person-unattributed
gerard mcgleenan park,Gerard McGleenan Park,ground,person-unattributed
gerry brown park,Gerry Brown Park,ground,person-unattributed
gilmartin park,Gilmartin Park,ground,person-unattributed
gilson park,Gilson Park,ground,person-unattributed
goulding park,Goulding Park,ground,person-unattributed
hamilton park,Hamilton Park,ground,person-unattributed
harbour field,Harbour field,ground,person-unattributed
harbour field [colaiste mhuire grounds],Harbour Field [Coláiste Mhuire Grounds],ground,saint
healy park,Healy Park,ground,person-unattributed
hugh o reilly gaa memorial park,Hugh O'Reilly GAA Memorial Park,ground,memorial
jack fitzgerald memorial park,Jack Fitzgerald Memorial Park,ground,memorial
jack macken park,Jack Macken Park,ground,person-unattributed
james stephen s park,James Stephen's Park,ground,place-or-other
jim smith memorial park,Jim Smith Memorial Park,ground,memorial
jimmy pentony park,Jimmy Pentony Park,ground,person-unattributed
joe crowe park,Joe Crowe Park,ground,person-unattributed
john fitzpatrick memorial park,John Fitzpatrick Memorial Park,ground,memorial
john mcdonnell memorial park,John McDonnell Memorial Park,ground,memorial
kelly o daly park,Kelly O'Daly Park,ground,place-or-other
kelly park,Kelly Park,ground,person-unattributed
kenmare shamrocks gaa father breen park,Kenmare Shamrocks GAA (Father Breen Park),ground,clergy
kilcoyne memorial park,Kilcoyne Memorial Park,ground,memorial
killeavy memorial park,Killeavy Memorial Park,ground,memorial
killoe emmet og gfc pairc emmet,Killoe Emmet Óg GFC (Páirc Emmet),ground,patriot
killyan community field,Killyan Community Field,ground,person-unattributed
killygarry athletic grounds,Killygarry Athletic Grounds,ground,person-unattributed
kilmovee shamrocks gaa club canon henry park,"Kilmovee Shamrocks GAA Club, Canon Henry Park",ground,clergy
kirwan park,Kirwan Park,ground,person-unattributed
lig na arigid park,Lig-na-Arigid Park,ground,person-unattributed
mac rory park cardineal ui domnaill c l c g,Mac Rory Park - Cardineal Uí Domnaill c.l.c.g,ground,place-or-other
macfinn park,MacFinn Park,ground,person-unattributed
machale park,MacHale Park,ground,person-unattributed
max mcgrath park,Max McGrath Park,ground,person-unattributed
mccracken park,McCracken Park,ground,patriot
michael cully park,Michael Cully Park,ground,person-unattributed
mick neville park,Mick Neville Park,ground,person-unattributed
millbrook football field,Millbrook Football Field,ground,person-unattributed
netwatch cullen park,Netwatch Cullen Park,ground,person-unattributed
nowlan park,Nowlan Park,ground,person-unattributed
o byrne park,O'Byrne Park,ground,person-unattributed
o cahan park,O'Cahan Park,ground,person-unattributed
o connell park,O'Connell Park,ground,person-unattributed
o connor park,O'Connor Park,ground,person-unattributed
o hagan park,O'Hagan Park,ground,person-unattributed
o moore park,O'Moore Park,ground,person-unattributed
o neill park,O'Neill Park,ground,person-unattributed
o raghallaigh park,O'Raghallaigh Park,ground,person-unattributed
our lady of lourdes park,Our Lady of Lourdes Park,ground,place-or-other
paddy kennedy memorial park annascaul,Paddy Kennedy Memorial Park (Annascaul GAA),ground,memorial
pairc a mhaimin,Páirc a' Mháimín,ground,person-unattributed
pairc an asaigh,Páirc an Asaigh,ground,person-unattributed
pairc an bhreatnaigh,Páirc an Bhreatnaigh GAA,ground,person-unattributed
pairc an chathanaigh,Páirc an Chathanaigh,ground,person-unattributed
pairc antoin o briain,Pairc Antoin O' Briain,ground,place-or-other
pairc athair ui raifeartaigh,Páirc Athair uí Raifeartaigh,ground,place-or-other
pairc camogaiochta iniscartha,Pairc Camogaiochta Iniscartha,ground,person-unattributed
pairc cholmcille,Páirc Cholmcille,ground,person-unattributed
pairc colmcille,Páirc Colmcille,ground,person-unattributed
pairc droichead an chlairin,Páirc Droichead An Chlairin,ground,person-unattributed
pairc droichead ui dhalaigh,Pairc Droichead Uí Dhálaigh,ground,place-or-other
pairc emmet,Páirc Emmet,ground,patriot
pairc emmet,Paírc Emmet,ground,patriot
pairc esler down gaa newry shamrocks,Páirc Esler (Down GAA & Newry Shamrocks GAC),ground,place-or-other
pairc gerry mcdonald,Páirc Gerry McDonald,ground,person-unattributed
pairc imeartha ghaelscoil chill dara,Páirc Imeartha Ghaelscoil Chill Dara,ground,place-or-other
pairc lorcain ui thuathail,Páirc Lorcáin Uí Thuathail,ground,place-or-other
pairc mhuire,Pairc Mhuire,ground,saint
pairc mhuire,Páirc Mhuire,ground,saint
pairc na bpiarsach,Páirc na bPiarsach,ground,person-unattributed
pairc na gcead ultach,Pairc na gCead Ultach,ground,person-unattributed
pairc na mbreathnaigh,Páirc na mBreathnaigh,ground,person-unattributed
pairc na ngael ollscoil na heireann ma nuad,"Páirc na nGael Ollscoil na hÉireann , Má Nuad",ground,place-or-other
pairc na nog main,Pairc na nÓg - Main,ground,person-unattributed
pairc naoimh ciaran,Páirc Naoimh Ciarán,ground,person-unattributed
pairc naomh bhreandain,Páirc Naomh Bhreandáin,ground,saint
pairc naomh fionnan,Páirc Naomh Fionnán,ground,saint
pairc naomh mhuire,Pairc Naomh Mhuire,ground,saint
pairc padraig ui daobhlaion,Pairc Padraig Ui Daobhlaion,ground,place-or-other
pairc peile inis oirr,Páirc Peile Inis Oírr,ground,place-or-other
pairc peile naomh mhichil,Páirc Peile Naomh Mhichíl,ground,saint
pairc perry,Páirc Perry,ground,person-unattributed
pairc ros a mhil,Páirc Ros a' Mhíl,ground,person-unattributed
pairc sean de bruin,Pairc Sean de Bruin,ground,person-unattributed
pairc sean mac diarmada,Páirc Seán Mac Diarmada,ground,patriot
pairc sheamuis stiophain,Pairc Sheamuis Stiopháin,ground,person-unattributed
pairc tailteann,Páirc Tailteann,ground,person-unattributed
pairc ui bhriain,Páirc Uí Bhriain,ground,person-unattributed
pairc ui chonchuir,Páirc Uí Chonchúir,ground,person-unattributed
pairc ui gramhnaigh ath bui clann na ngael,Pairc Ui Gramhnaigh Áth Buí (Clann Na Ngael),ground,place-or-other
pairc ui laoire redmonds,Páirc Uí Laoire - Redmonds GAA Club,ground,place-or-other
pairc ui mhurchu,Páirc Uí Mhurchú,ground,person-unattributed
pairc ui rinn,Páirc Uí Rinn,ground,person-unattributed
pairc ui shiochain,Páirc Uí Shíocháin,ground,person-unattributed
parnell park,Parnell Park,ground,person-unattributed
pearse park,Pearse Park,ground,patriot
pearse stadium,Pearse Stadium,ground,patriot
pj duke memorial park,PJ Duke Memorial Park,ground,memorial
platinum tanks park,Platinum Tanks Park,ground,person-unattributed
railway field,Railway Field,ground,person-unattributed
ramor united park,Ramor United Park,ground,person-unattributed
rathluden park,Rathluden Park,ground,person-unattributed
ray prendergast memorial park,Ray Prendergast Memorial Park,ground,saint
robbie farrell park,Robbie Farrell Park,ground,person-unattributed
robert emmet park,Robert Emmet Park,ground,patriot
roosters park,Roosters Park,ground,person-unattributed
rory o moore park,Rory O'Moore Park,ground,place-or-other
russell park,Russell Park,ground,person-unattributed
saint aidan s park,Saint Aidan's Park,ground,saint
saint anne s park,Saint Anne's Park,ground,saint
saint bartholomew s park,Saint Bartholomew's Park,ground,saint
saint brendan s park,Saint Brendan's Park,ground,saint
saint bridget s park,Saint Bridget's Park,ground,saint
saint endas gaa field,Saint Endas GAA Field,ground,saint
saint farnans park,Saint Farnans Park,ground,saint
saint felim s park,Saint Felim's Park,ground,saint
saint jarlath s park,Saint Jarlath's Park,ground,saint
saint mary s park,Saint Mary's Park,ground,saint
saint mary’s park,Saint Mary’s Park,ground,saint
saint matthew s park,Saint Matthew's Park,ground,saint
saint patrick s park,Saint Patrick's Park,ground,saint
saint patrick s park,Saint Patrick's Park,ground,saint
saint tiernach’s park,Saint Tiernach’s Park,ground,saint
sarsfield park,Sarsfield Park,ground,patriot
school field,School Field,ground,person-unattributed
scoil mhuire ide sports field,Scoil Mhuire & íde Sports field,ground,saint
sean eiffe park,Seán Eiffe Park,ground,person-unattributed
shane mcgettigan memorial park allen gaels,Shane McGettigan Memorial Park - Allen Gaels,ground,memorial
sheelin park,Sheelin Park,ground,person-unattributed
somerton park,Somerton Park,ground,person-unattributed
spink community field,Spink Community Field,ground,person-unattributed
st brendan s park,St. Brendan's Park,ground,saint
st conleth s park,St. Conleth's Park,ground,saint
st finian s park,St. Finian's Park,ground,saint
st mary s athenry kenny park,St Mary's Athenry - Kenny Park,ground,saint
st peregrine s gaa oakview park pitch,St Peregrine's GAA - Oakview park pitch,ground,saint
stack park,Stack Park,ground,person-unattributed
streete parish park and community centre,Streete Parish Park and Community Centre,ground,place-or-other
tank field,Tank Field,ground,person-unattributed
terry coyle park,Terry Coyle Park,ground,person-unattributed
the carrick field,The Carrick Field,ground,person-unattributed
the grove field,The Grove Field,ground,person-unattributed
the henry jones memorial playing fields,The Henry Jones Memorial Playing Fields,ground,memorial
the running field,The Running Field,ground,person-unattributed
thomas ashe park,Thomas Ashe Park,ground,patriot
tony byrne park,Tony Byrne Park,ground,person-unattributed
tullahought sportsfield,Tullahought Sportsfield,ground,person-unattributed
tus gaelic grounds,TUS Gaelic Grounds,ground,person-unattributed
tyholland stadium,Tyholland Stadium,ground,person-unattributed
upmc nowlan park,UPMC Nowlan Park,ground,person-unattributed
walsh park,Walsh Park,ground,person-unattributed
walsh park,Walsh Park,ground,person-unattributed
